{"cameraMode":{"drawMode":0,"name":"Shaded","section":"Shading Mode"},"sceneLighting":false,"audioPlay":false,"sceneViewState":{"m_AlwaysRefresh":false,"showFog":true,"showSkybox":false,"showFlares":true,"showImageEffects":true,"showParticleSystems":true,"showVisualEffectGraphs":true,"m_FxEnabled":true},"in2DMode":false,"pivot":{"x":-10.754046440124512,"y":2.0501604080200197,"z":12.737089157104493},"rotation":{"x":-0.046791646629571918,"y":-0.008392673917114735,"z":0.0003968983073718846,"w":-0.9988870024681091},"size":8.90114974975586,"orthographic":false}