{"cameraMode":{"drawMode":0,"name":"Shaded","section":"Shading Mode"},"sceneLighting":false,"audioPlay":false,"sceneViewState":{"m_AlwaysRefresh":false,"showFog":true,"showSkybox":false,"showFlares":true,"showImageEffects":true,"showParticleSystems":true,"showVisualEffectGraphs":true,"m_FxEnabled":true},"in2DMode":false,"pivot":{"x":-8.018549919128418,"y":-1.4031076431274415,"z":18.615644454956056},"rotation":{"x":-0.1288730651140213,"y":-0.034787021577358249,"z":0.00453240005299449,"w":-0.9910624623298645},"size":16.640748977661134,"orthographic":false}