{"cameraMode":{"drawMode":0,"name":"Shaded","section":"Shading Mode"},"sceneLighting":false,"audioPlay":false,"sceneViewState":{"m_AlwaysRefresh":false,"showFog":true,"showSkybox":false,"showFlares":true,"showImageEffects":true,"showParticleSystems":true,"showVisualEffectGraphs":true,"m_FxEnabled":true},"in2DMode":false,"pivot":{"x":55.13532257080078,"y":7.065007209777832,"z":-11.940383911132813},"rotation":{"x":-0.004743783734738827,"y":0.9292531609535217,"z":-0.3693353533744812,"w":-0.011962302029132843},"size":14.298020362854004,"orthographic":false}