{
    "name": "root",
    "gauges": {
        "move_agent_MLPlayer.Policy.Entropy.mean": {
            "value": 1.0538843870162964,
            "min": 1.0447086095809937,
            "max": 1.3829892873764038,
            "count": 49
        },
        "move_agent_MLPlayer.Policy.ExtrinsicValueEstimate.mean": {
            "value": -0.27388796210289,
            "min": -0.40806660056114197,
            "max": -0.09966033697128296,
            "count": 49
        },
        "move_agent_MLPlayer.Environment.EpisodeLength.mean": {
            "value": 242.075,
            "min": 154.1076923076923,
            "max": 369.3703703703704,
            "count": 49
        },
        "move_agent_MLPlayer.Environment.CumulativeReward.mean": {
            "value": -0.8974999833852053,
            "min": -0.953846144131743,
            "max": -0.842857124550002,
            "count": 49
        },
        "move_agent_MLPlayer.Policy.ExtrinsicReward.mean": {
            "value": -0.8974999833852053,
            "min": -0.953846144131743,
            "max": -0.842857124550002,
            "count": 49
        },
        "move_agent_MLPlayer.IsTraining.mean": {
            "value": 1.0,
            "min": 1.0,
            "max": 1.0,
            "count": 49
        },
        "move_agent_MLPlayer.Losses.ValueLoss.mean": {
            "value": 0.00830291211605072,
            "min": 0.0044634691439569,
            "max": 0.019237695261836052,
            "count": 47
        },
        "move_agent_MLPlayer.Losses.PolicyLoss.mean": {
            "value": 0.03255971893668175,
            "min": 0.017193615436553955,
            "max": 0.03255971893668175,
            "count": 47
        },
        "move_agent_MLPlayer.Policy.LearningRate.mean": {
            "value": 3.6864921639789827e-06,
            "min": 3.6864921639789827e-06,
            "max": 0.00028702800045721233,
            "count": 47
        }
    },
    "metadata": {
        "timer_format_version": "0.1.0",
        "start_time_seconds": "1636127275",
        "python_version": "3.7.10 (default, Feb 26 2021, 13:06:18) [MSC v.1916 64 bit (AMD64)]",
        "command_line_arguments": "C:\\Users\\Antonio\\anaconda3\\envs\\favb\\Scripts\\mlagents-learn --run-id=move_agent D:\\ml-agents-com.unity.ml-agents_1.0.8\\config\\trainer_config.yaml --resume",
        "mlagents_version": "0.16.1",
        "mlagents_envs_version": "0.16.1",
        "communication_protocol_version": "1.0.0",
        "tensorflow_version": "2.1.0",
        "end_time_seconds": "1636138146"
    },
    "total": 10870.4705009,
    "count": 1,
    "self": 0.31718020000153047,
    "children": {
        "run_training.setup": {
            "total": 0.0320967999999997,
            "count": 1,
            "self": 0.0320967999999997
        },
        "TrainerController.start_learning": {
            "total": 10870.1212239,
            "count": 1,
            "self": 196.16290940020554,
            "children": {
                "TrainerController._reset_env": {
                    "total": 7.5541385,
                    "count": 1,
                    "self": 7.5541385
                },
                "TrainerController.advance": {
                    "total": 10646.074712299798,
                    "count": 488696,
                    "self": 7.044004799607137,
                    "children": {
                        "env_step": {
                            "total": 10639.030707500191,
                            "count": 488696,
                            "self": 10160.685103300777,
                            "children": {
                                "SubprocessEnvManager._take_step": {
                                    "total": 470.9645143992817,
                                    "count": 488696,
                                    "self": 16.34002259952365,
                                    "children": {
                                        "NNPolicy.evaluate": {
                                            "total": 454.62449179975806,
                                            "count": 488696,
                                            "self": 454.62449179975806
                                        }
                                    }
                                },
                                "workers": {
                                    "total": 7.38108980013217,
                                    "count": 488696,
                                    "self": 0.0,
                                    "children": {
                                        "worker_root": {
                                            "total": 10842.207015399801,
                                            "count": 488696,
                                            "is_parallel": true,
                                            "self": 1348.4040346996244,
                                            "children": {
                                                "steps_from_proto": {
                                                    "total": 0.007296100000000472,
                                                    "count": 1,
                                                    "is_parallel": true,
                                                    "self": 0.0011711000000005356,
                                                    "children": {
                                                        "_process_vector_observation": {
                                                            "total": 0.006124999999999936,
                                                            "count": 2,
                                                            "is_parallel": true,
                                                            "self": 0.006124999999999936
                                                        }
                                                    }
                                                },
                                                "UnityEnvironment.step": {
                                                    "total": 9493.795684600176,
                                                    "count": 488696,
                                                    "is_parallel": true,
                                                    "self": 48.3552098999844,
                                                    "children": {
                                                        "UnityEnvironment._generate_step_input": {
                                                            "total": 74.17714109964203,
                                                            "count": 488696,
                                                            "is_parallel": true,
                                                            "self": 74.17714109964203
                                                        },
                                                        "communicator.exchange": {
                                                            "total": 9041.347968300697,
                                                            "count": 488696,
                                                            "is_parallel": true,
                                                            "self": 9041.347968300697
                                                        },
                                                        "steps_from_proto": {
                                                            "total": 329.91536529985154,
                                                            "count": 488696,
                                                            "is_parallel": true,
                                                            "self": 94.94714939972653,