{
    "name": "root",
    "gauges": {
        "ppo_MLPlayer.Policy.Entropy.mean": {
            "value": 0.6929996013641357,
            "min": 0.6928836703300476,
            "max": 0.693146288394928,
            "count": 5
        },
        "ppo_MLPlayer.Policy.ExtrinsicValueEstimate.mean": {
            "value": -0.13671167194843292,
            "min": -0.13671167194843292,
            "max": 0.06492510437965393,
            "count": 5
        },
        "ppo_MLPlayer.Environment.EpisodeLength.mean": {
            "value": 249.0,
            "min": 249.0,
            "max": 249.075,
            "count": 5
        },
        "ppo_MLPlayer.Environment.CumulativeReward.mean": {
            "value": -1.0,
            "min": -1.0,
            "max": -1.0,
            "count": 5
        },
        "ppo_MLPlayer.Policy.ExtrinsicReward.mean": {
            "value": -1.0,
            "min": -1.0,
            "max": -1.0,
            "count": 5
        },
        "ppo_MLPlayer.IsTraining.mean": {
            "value": 1.0,
            "min": 1.0,
            "max": 1.0,
            "count": 5
        },
        "ppo_MLPlayer.Losses.ValueLoss.mean": {
            "value": 0.007230376824736595,
            "min": 0.006624612491577864,
            "max": 0.018750790506601334,
            "count": 4
        },
        "ppo_MLPlayer.Losses.PolicyLoss.mean": {
            "value": 0.022543827071785927,
            "min": 0.022074848413467407,
            "max": 0.029885923489928246,
            "count": 4
        },
        "ppo_MLPlayer.Policy.LearningRate.mean": {
            "value": 0.00027539822622202337,
            "min": 0.00027539822622202337,
            "max": 0.0002938481920864433,
            "count": 4
        }
    },
    "metadata": {
        "timer_format_version": "0.1.0",
        "start_time_seconds": "1635514803",
        "python_version": "3.7.10 (default, Feb 26 2021, 13:06:18) [MSC v.1916 64 bit (AMD64)]",
        "command_line_arguments": "C:\\Users\\Antonio\\anaconda3\\envs\\favb\\Scripts\\mlagents-learn D:\\ml-agents-com.unity.ml-agents_1.0.8\\config\\trainer_config.yaml",
        "mlagents_version": "0.16.1",
        "mlagents_envs_version": "0.16.1",
        "communication_protocol_version": "1.0.0",
        "tensorflow_version": "2.1.0",
        "end_time_seconds": "1635515209"
    },
    "total": 405.23960850000003,
    "count": 1,
    "self": 0.0007646999999906257,
    "children": {
        "run_training.setup": {
            "total": 0.025504299999999702,
            "count": 1,
            "self": 0.025504299999999702
        },
        "TrainerController.start_learning": {
            "total": 405.2133395,
            "count": 1,
            "self": 25.65448599999894,
            "children": {
                "TrainerController._reset_env": {
                    "total": 9.3661994,
                    "count": 1,
                    "self": 9.3661994
                },
                "TrainerController.advance": {
                    "total": 366.7197389000011,
                    "count": 53734,
                    "self": 0.7343668999981787,
                    "children": {
                        "env_step": {
                            "total": 365.98537200000294,
                            "count": 53734,
                            "self": 318.8140062000033,
                            "children": {
                                "SubprocessEnvManager._take_step": {
                                    "total": 46.39329419999698,
                                    "count": 53734,
                                    "self": 1.7003834999946363,
                                    "children": {
                                        "NNPolicy.evaluate": {
                                            "total": 44.692910700002344,
                                            "count": 53734,
                                            "self": 44.692910700002344
                                        }
                                    }
                                },
                                "workers": {
                                    "total": 0.7780716000026455,
                                    "count": 53733,
                                    "self": 0.0,
                                    "children": {
                                        "worker_root": {
                                            "total": 391.53897339999855,
                                            "count": 53733,
                                            "is_parallel": true,
                                            "self": 146.35091470000356,
                                            "children": {
                                                "steps_from_proto": {
                                                    "total": 0.007404100000000469,
                                                    "count": 1,
                                                    "is_parallel": true,
                                                    "self": 0.0015999000000004315,
                                                    "children": {
                                                        "_process_vector_observation": {
                                                            "total": 0.005804200000000037,
                                                            "count": 2,
                                                            "is_parallel": true,
                                                            "self": 0.005804200000000037
                                                        }
                                                    }
                                                },
                                                "UnityEnvironment.step": {
                                                    "total": 245.180654599995,
                                                    "count": 53733,
                                                    "is_parallel": true,
                                                    "self": 4.045344999997184,
                                                    "children": {
                                                        "UnityEnvironment._generate_step_input": {
                                                            "total": 7.618717600003201,
                                                            "count": 53733,
                                                            "is_parallel": true,
                                                            "self": 7.618717600003201
                                                        },
                                                        "communicator.exchange": {
                                                            "total": 218.0222684999985,
                                                            "count": 53733,
                                                            "is_parallel": true,
                                                            "self": 218.0222684999985
                                                        },
                                                        "steps_from_proto": {
                                                            "total": 15.494323499996117,
                                                            "count": 53733,
                                                            "is_parallel": true,
                                                            "self": 9.908640799994675,
                                                            "children": {
                                                                "_process_vector_observation": {
                                                                    "total": 5.585682700001442,
                                                                    "count": 107466,
                                                                    "is_parallel": true,