{"cameraMode":{"drawMode":0,"name":"Shaded","section":"Shading Mode"},"sceneLighting":false,"audioPlay":false,"sceneViewState":{"m_AlwaysRefresh":false,"showFog":true,"showSkybox":false,"showFlares":true,"showImageEffects":true,"showParticleSystems":true,"showVisualEffectGraphs":true,"m_FxEnabled":true},"in2DMode":false,"pivot":{"x":-42.03050994873047,"y":1.9150668382644654,"z":-84.09466552734375},"rotation":{"x":0.0038884668610990049,"y":-0.9949217438697815,"z":0.042119141668081287,"w":0.09158286452293396},"size":49.31456756591797,"orthographic":false}