{"cameraMode":{"drawMode":0,"name":"Shaded","section":"Shading Mode"},"sceneLighting":false,"audioPlay":false,"sceneViewState":{"m_AlwaysRefresh":false,"showFog":true,"showSkybox":false,"showFlares":true,"showImageEffects":true,"showParticleSystems":true,"showVisualEffectGraphs":true,"m_FxEnabled":true},"in2DMode":false,"pivot":{"x":-20.057546615600587,"y":9.243033409118653,"z":-5.373228549957275},"rotation":{"x":-0.09128132462501526,"y":-0.09305927902460098,"z":0.008570291101932526,"w":-0.9914499521255493},"size":11.197632789611817,"orthographic":false}