{"cameraMode":{"drawMode":0,"name":"Shaded","section":"Shading Mode"},"sceneLighting":true,"audioPlay":false,"sceneViewState":{"m_AlwaysRefresh":false,"showFog":true,"showSkybox":true,"showFlares":true,"showImageEffects":true,"showParticleSystems":true,"showVisualEffectGraphs":true,"m_FxEnabled":true},"in2DMode":false,"pivot":{"x":-10.750044822692871,"y":7.628476142883301,"z":-26.68648338317871},"rotation":{"x":-0.05398065224289894,"y":-0.014352328144013882,"z":0.0007632807828485966,"w":-0.9984885454177856},"size":9.466870307922364,"orthographic":false}