{"cameraMode":{"drawMode":0,"name":"Shaded","section":"Shading Mode"},"sceneLighting":true,"audioPlay":false,"sceneViewState":{"m_AlwaysRefresh":false,"showFog":true,"showSkybox":true,"showFlares":true,"showImageEffects":true,"showParticleSystems":true,"showVisualEffectGraphs":true,"m_FxEnabled":true},"in2DMode":false,"pivot":{"x":-12.561594009399414,"y":4.92265510559082,"z":-22.662601470947267},"rotation":{"x":-0.1835670918226242,"y":0.046730805188417438,"z":-0.008737189695239067,"w":-0.9819437265396118},"size":11.73039436340332,"orthographic":false}