{"cameraMode":{"drawMode":0,"name":"Shaded","section":"Shading Mode"},"sceneLighting":true,"audioPlay":false,"sceneViewState":{"m_AlwaysRefresh":false,"showFog":true,"showSkybox":true,"showFlares":true,"showImageEffects":true,"showParticleSystems":true,"showVisualEffectGraphs":true,"m_FxEnabled":true},"in2DMode":false,"pivot":{"x":-11.043270111083985,"y":-2.8581902980804445,"z":-11.959604263305664},"rotation":{"x":0.41996023058891299,"y":-0.5436894297599793,"z":0.36246928572654726,"w":0.6299362182617188},"size":10.414322853088379,"orthographic":false}