{"cameraMode":{"drawMode":0,"name":"Shaded","section":"Shading Mode"},"sceneLighting":true,"audioPlay":false,"sceneViewState":{"m_AlwaysRefresh":false,"showFog":true,"showSkybox":true,"showFlares":true,"showImageEffects":true,"showParticleSystems":true,"showVisualEffectGraphs":true,"m_FxEnabled":true},"in2DMode":false,"pivot":{"x":-8.249276161193848,"y":-0.6019148826599121,"z":-32.98408126831055},"rotation":{"x":0.41079044342041018,"y":-0.05834895372390747,"z":0.026301966980099679,"w":0.9095636010169983},"size":14.45941162109375,"orthographic":false}