{"cameraMode":{"drawMode":0,"name":"Shaded","section":"Shading Mode"},"sceneLighting":true,"audioPlay":false,"sceneViewState":{"m_AlwaysRefresh":false,"showFog":true,"showSkybox":true,"showFlares":true,"showImageEffects":true,"showParticleSystems":true,"showVisualEffectGraphs":true,"m_FxEnabled":true},"in2DMode":false,"pivot":{"x":-8.320679664611817,"y":2.2240653038024904,"z":-1.0575180053710938},"rotation":{"x":-0.09197176992893219,"y":-0.01630892977118492,"z":0.0016098559135571123,"w":-0.9956927299499512},"size":24.228240966796876,"orthographic":false}